{"name":"aa4cb499-1ecf-4aae-adf5-73683ba98d80","id":"/providers/Microsoft.Flow/flows/aa4cb499-1ecf-4aae-adf5-73683ba98d80","type":"Microsoft.Flow/flows","properties":{"apiId":"/providers/Microsoft.PowerApps/apis/shared_logicflows","displayName":"Button -> Send an HTTP request","definition":{"metadata":{"workflowEntityId":null,"processAdvisorMetadata":null,"flowChargedByPaygo":null,"flowclientsuspensionreason":"None","flowclientsuspensiontime":null,"flowclientsuspensionreasondetails":null,"creator":{"id":"e455a46f-954c-4348-aab6-3dcddfac8d11","type":"User","tenantId":"cf6d0482-86b1-4f88-8c0c-3b4de4cb402c"},"provisioningMethod":"FromDefinition","failureAlertSubscription":true,"clientLastModifiedTime":"2026-01-03T20:29:25.6141326Z","connectionKeySavedTimeKey":"2026-01-03T20:29:25.6141326Z","creationSource":"Portal","modifiedSources":"Portal"},"$schema":"https://schema.management.azure.com/providers/Microsoft.Logic/schemas/2016-06-01/workflowdefinition.json#","contentVersion":"undefined","parameters":{"$authentication":{"defaultValue":{},"type":"SecureObject"},"$connections":{"defaultValue":{},"type":"Object"}},"triggers":{"manual":{"type":"Request","kind":"Button","inputs":{"schema":{"type":"object","properties":{"text":{"description":"hello","title":"message","type":"string","x-ms-content-hint":"TEXT","x-ms-dynamically-added":true}},"required":["text"]}}}},"actions":{"Response":{"runAfter":{"HTTP":["Succeeded"]},"type":"Response","kind":"Http","inputs":{"statusCode":200,"body":"test"}},"HTTP":{"runAfter":{},"type":"Http","inputs":{"uri":"https://poc.sms.risen108010.co.uk/api/v1/sms/send","method":"POST","headers":{"Authorization":"Bearer KEY","Content-Type":"application/json"},"body":{"phoneNumber":"07700000000","message":"@{triggerBody()?['text']}"}},"runtimeConfiguration":{"contentTransfer":{"transferMode":"Chunked"}}}}},"connectionReferences":{},"flowFailureAlertSubscribed":false,"isManaged":false}}